{
    "content":  [
                    {
                        "date":  132464076273962053,
                        "path":  "SimObjects/Airplanes/Carenado_CT182T_Skylane_G1000/Checklist/Carenado_CT182T_Skylane_G1000_Checklist.xml",
                        "size":  27717
                    },
                    {
                        "date":  132464118364289834,
                        "path":  "SimObjects/Airplanes/Carenado_CT182T_Skylane_G1000/Checklist/Library.xml",
                        "size":  22011
                    }
                ]
}
