{
    "content":  [
                    {
                        "date":  132469237048072490,
                        "path":  "SimObjects/Airplanes/Carenado_CT182T_Skylane_G1000/Checklist/Carenado_CT182T_Skylane_G1000_Checklist.xml",
                        "size":  32953
                    },
                    {
                        "date":  132469238250902399,
                        "path":  "SimObjects/Airplanes/Carenado_CT182T_Skylane_G1000/Checklist/Library.xml",
                        "size":  32698
                    }
                ]
}
